{"mouseover":[{"selector":".container a[href^='http']","text":["要看看 <span style=\"color:#0099cc;\">{text}</span> 么？"]},{"selector":".container a[href^='/']","text":["要看看 <span style=\"color:#0099cc;\">{text}</span> 么？"]},{"selector":".menu-item-home","text":["点击前往首页，想回到上一页可以使用浏览器的后退功能哦。"]},{"selector":".sidebar-nav-toc","text":["翻页比较麻烦吗，点击可以显示这篇文章的目录呢。"]},{"selector":".vempty","text":["想要去评论些什么吗？"]},{"selector":".vinfo","text":["想要去评论些什么吗？"]},{"selector":".vlist","text":["想要去评论些什么吗？"]},{"selector":"#night_mode","text":["深夜时要爱护眼睛呀。"]},{"selector":".back-to-top","text":["回到开始的地方吧。"]},{"selector":".vnick","text":["该怎么称呼你呢？"]},{"selector":".aplayer-body","text":["想听些什么呢？"]},{"selector":".aplayer-list","text":["这里是播放列表哦。"]},{"selector":".vmail","text":["留下你的邮箱，不然就是无头像人士了。"]},{"selector":".vlink","text":["你的家在哪里呢，好让我去参观参观。"]},{"selector":".vedit","text":["认真填写哦，垃圾评论是禁止事项。"]},{"selector":".site-author","text":["我主人好看吗？"]},{"selector":".site-state","text":["这是站点状态。"]},{"selector":".site-state","text":["这是站点状态。"]},{"selector":".feed-link","text":["这里可以使用订阅RSS呢。"]},{"selector":".links-of-author","text":["这里是主人的常驻地址哦。"]},{"selector":".cc-license","text":["主人的站点采用CC0协议，可以随意转载哦~"]},{"selector":".links-of-blogroll","text":["要去拜访一下我的朋友们吗？"]},{"selector":".col.col-20","text":["使用Markdown让评论更美观吧~"]},{"selector":".col.col-80.text-right","text":["要提交了吗，请耐心等待主人回复哦~"]},{"selector":".fancybox","text":["点击图片可以放大呢。"]},{"selector":".popup","text":["找不到想看的内容？搜索看看吧。"]},{"selector":".post-nav-next","text":["要去看看前一页吗？"]},{"selector":".social_share","text":["喜欢就分享给你的朋友吧~"]},{"selector":".buttonWave","text":["想和我的主人聊天吗？"]},{"selector":".post-nav-prev","text":["要去看看后一页吗？"]},{"selector":".tidio-chat","text":["想和我的主人聊天吗?"]},{"selector":".post-copyright","text":["主人的站点采用CC0协议，可以随意转载哦~"]},{"selector":".menu","text":["这里是菜单。"]},{"selector":".wp_rating","text":["给个五星好评吧！"]},{"selector":"c-player a.play-icon","text":["想要听点音乐吗？"]},{"selector":"c-player div.time","text":["在这里可以调整<span style=\"color:#0099cc;\">播放进度</span>呢。"]},{"selector":".aplayer-bar-wrap","text":["在这里可以调整播放进度呢。"]},{"selector":"c-player div.volume","text":["在这里可以调整<span style=\"color:#0099cc;\">音量</span>呢。"]},{"selector":".aplayer-volume-wrap","text":["在这里可以调整播放音量呢。"]},{"selector":"c-player div.list-button","text":["<span style=\"color:#0099cc;\">播放列表</span>里都有什么呢。"]},{"selector":"c-player div.lyric-button","text":["有<span style=\"color:#0099cc;\">歌词</span>的话就能跟着一起唱呢。"]},{"selector":".waifu #live2d","text":["干嘛呢你，快把手拿开！","鼠…鼠标放错地方了！"]}],"click":[{"selector":".waifu #live2d","text":["你你你你！o(><；)oo","Hentai！∑( 口 ||","不…不要摸！(○･｀Д´･ ○)","你是萝莉控吧？Σ(っ °Д °;)っ","再摸的话我可要报警了！⌇●﹏●⌇","110吗，这里有个变态一直在摸我！(ó﹏ò｡)"]}]}